relative_path,destination_existed_before_overlay,source,destination
DLinear/hpo/tfb-Yalova_final_ready/horizon_12/dlinear.sh,true,/home/wpbench_51/wpbench_artifacts/scripts/run_experiments/final_selected_scripts/DLinear/hpo/tfb-Yalova_final_ready/horizon_12/dlinear.sh,/home/wpbench_51/wpbench_artifacts/scripts/run_experiments/icde_full_scripts/DLinear/hpo/tfb-Yalova_final_ready/horizon_12/dlinear.sh
DLinear/hpo/tfb-Yalova_final_ready/horizon_144/dlinear.sh,true,/home/wpbench_51/wpbench_artifacts/scripts/run_experiments/final_selected_scripts/DLinear/hpo/tfb-Yalova_final_ready/horizon_144/dlinear.sh,/home/wpbench_51/wpbench_artifacts/scripts/run_experiments/icde_full_scripts/DLinear/hpo/tfb-Yalova_final_ready/horizon_144/dlinear.sh
DLinear/hpo/tfb-Yalova_final_ready/horizon_24/dlinear.sh,true,/home/wpbench_51/wpbench_artifacts/scripts/run_experiments/final_selected_scripts/DLinear/hpo/tfb-Yalova_final_ready/horizon_24/dlinear.sh,/home/wpbench_51/wpbench_artifacts/scripts/run_experiments/icde_full_scripts/DLinear/hpo/tfb-Yalova_final_ready/horizon_24/dlinear.sh
DLinear/hpo/tfb-Yalova_final_ready/horizon_72/dlinear.sh,true,/home/wpbench_51/wpbench_artifacts/scripts/run_experiments/final_selected_scripts/DLinear/hpo/tfb-Yalova_final_ready/horizon_72/dlinear.sh,/home/wpbench_51/wpbench_artifacts/scripts/run_experiments/icde_full_scripts/DLinear/hpo/tfb-Yalova_final_ready/horizon_72/dlinear.sh
DUET/hpo/tfb-Penmanshiel_filtered_wide__MTMV_reduced_3V_Power_(kW)__quality_trim_201607_201608_202009_202010/horizon_12/duet.sh,true,/home/wpbench_51/wpbench_artifacts/scripts/run_experiments/final_selected_scripts/DUET/hpo/tfb-Penmanshiel_filtered_wide__MTMV_reduced_3V_Power_(kW)__quality_trim_201607_201608_202009_202010/horizon_12/duet.sh,/home/wpbench_51/wpbench_artifacts/scripts/run_experiments/icde_full_scripts/DUET/hpo/tfb-Penmanshiel_filtered_wide__MTMV_reduced_3V_Power_(kW)__quality_trim_201607_201608_202009_202010/horizon_12/duet.sh
DUET/hpo/tfb-Penmanshiel_filtered_wide__MTMV_reduced_3V_Power_(kW)__quality_trim_201607_201608_202009_202010/horizon_24/duet.sh,true,/home/wpbench_51/wpbench_artifacts/scripts/run_experiments/final_selected_scripts/DUET/hpo/tfb-Penmanshiel_filtered_wide__MTMV_reduced_3V_Power_(kW)__quality_trim_201607_201608_202009_202010/horizon_24/duet.sh,/home/wpbench_51/wpbench_artifacts/scripts/run_experiments/icde_full_scripts/DUET/hpo/tfb-Penmanshiel_filtered_wide__MTMV_reduced_3V_Power_(kW)__quality_trim_201607_201608_202009_202010/horizon_24/duet.sh
DUET/hpo/tfb-Yalova_final_ready/horizon_12/duet.sh,true,/home/wpbench_51/wpbench_artifacts/scripts/run_experiments/final_selected_scripts/DUET/hpo/tfb-Yalova_final_ready/horizon_12/duet.sh,/home/wpbench_51/wpbench_artifacts/scripts/run_experiments/icde_full_scripts/DUET/hpo/tfb-Yalova_final_ready/horizon_12/duet.sh
DUET/hpo/tfb-Yalova_final_ready/horizon_144/duet.sh,true,/home/wpbench_51/wpbench_artifacts/scripts/run_experiments/final_selected_scripts/DUET/hpo/tfb-Yalova_final_ready/horizon_144/duet.sh,/home/wpbench_51/wpbench_artifacts/scripts/run_experiments/icde_full_scripts/DUET/hpo/tfb-Yalova_final_ready/horizon_144/duet.sh
DUET/hpo/tfb-Yalova_final_ready/horizon_24/duet.sh,true,/home/wpbench_51/wpbench_artifacts/scripts/run_experiments/final_selected_scripts/DUET/hpo/tfb-Yalova_final_ready/horizon_24/duet.sh,/home/wpbench_51/wpbench_artifacts/scripts/run_experiments/icde_full_scripts/DUET/hpo/tfb-Yalova_final_ready/horizon_24/duet.sh
DUET/hpo/tfb-Yalova_final_ready/horizon_72/duet.sh,true,/home/wpbench_51/wpbench_artifacts/scripts/run_experiments/final_selected_scripts/DUET/hpo/tfb-Yalova_final_ready/horizon_72/duet.sh,/home/wpbench_51/wpbench_artifacts/scripts/run_experiments/icde_full_scripts/DUET/hpo/tfb-Yalova_final_ready/horizon_72/duet.sh
FactoST_STA/few_shot_10pct/tfb-Penmanshiel_filtered_wide__MTMV_reduced_3V_Power_(kW)__quality_trim_201607_201608_202009_202010/horizon_12/factost_sta.sh,true,/home/wpbench_51/wpbench_artifacts/scripts/run_experiments/final_selected_scripts/FactoST_STA/few_shot_10pct/tfb-Penmanshiel_filtered_wide__MTMV_reduced_3V_Power_(kW)__quality_trim_201607_201608_202009_202010/horizon_12/factost_sta.sh,/home/wpbench_51/wpbench_artifacts/scripts/run_experiments/icde_full_scripts/FactoST_STA/few_shot_10pct/tfb-Penmanshiel_filtered_wide__MTMV_reduced_3V_Power_(kW)__quality_trim_201607_201608_202009_202010/horizon_12/factost_sta.sh
FactoST_UTP/few_shot_10pct/tfb-Yalova_final_ready/horizon_12/factost_utp_finetune.sh,true,/home/wpbench_51/wpbench_artifacts/scripts/run_experiments/final_selected_scripts/FactoST_UTP/few_shot_10pct/tfb-Yalova_final_ready/horizon_12/factost_utp_finetune.sh,/home/wpbench_51/wpbench_artifacts/scripts/run_experiments/icde_full_scripts/FactoST_UTP/few_shot_10pct/tfb-Yalova_final_ready/horizon_12/factost_utp_finetune.sh
FactoST_UTP/few_shot_10pct/tfb-Yalova_final_ready/horizon_144/factost_utp_finetune.sh,true,/home/wpbench_51/wpbench_artifacts/scripts/run_experiments/final_selected_scripts/FactoST_UTP/few_shot_10pct/tfb-Yalova_final_ready/horizon_144/factost_utp_finetune.sh,/home/wpbench_51/wpbench_artifacts/scripts/run_experiments/icde_full_scripts/FactoST_UTP/few_shot_10pct/tfb-Yalova_final_ready/horizon_144/factost_utp_finetune.sh
FactoST_UTP/few_shot_10pct/tfb-Yalova_final_ready/horizon_24/factost_utp_finetune.sh,true,/home/wpbench_51/wpbench_artifacts/scripts/run_experiments/final_selected_scripts/FactoST_UTP/few_shot_10pct/tfb-Yalova_final_ready/horizon_24/factost_utp_finetune.sh,/home/wpbench_51/wpbench_artifacts/scripts/run_experiments/icde_full_scripts/FactoST_UTP/few_shot_10pct/tfb-Yalova_final_ready/horizon_24/factost_utp_finetune.sh
FactoST_UTP/few_shot_10pct/tfb-Yalova_final_ready/horizon_72/factost_utp_finetune.sh,true,/home/wpbench_51/wpbench_artifacts/scripts/run_experiments/final_selected_scripts/FactoST_UTP/few_shot_10pct/tfb-Yalova_final_ready/horizon_72/factost_utp_finetune.sh,/home/wpbench_51/wpbench_artifacts/scripts/run_experiments/icde_full_scripts/FactoST_UTP/few_shot_10pct/tfb-Yalova_final_ready/horizon_72/factost_utp_finetune.sh
FactoST_UTP/full_shot/tfb-Yalova_final_ready/horizon_12/factost_utp_finetune.sh,true,/home/wpbench_51/wpbench_artifacts/scripts/run_experiments/final_selected_scripts/FactoST_UTP/full_shot/tfb-Yalova_final_ready/horizon_12/factost_utp_finetune.sh,/home/wpbench_51/wpbench_artifacts/scripts/run_experiments/icde_full_scripts/FactoST_UTP/full_shot/tfb-Yalova_final_ready/horizon_12/factost_utp_finetune.sh
FactoST_UTP/full_shot/tfb-Yalova_final_ready/horizon_144/factost_utp_finetune.sh,true,/home/wpbench_51/wpbench_artifacts/scripts/run_experiments/final_selected_scripts/FactoST_UTP/full_shot/tfb-Yalova_final_ready/horizon_144/factost_utp_finetune.sh,/home/wpbench_51/wpbench_artifacts/scripts/run_experiments/icde_full_scripts/FactoST_UTP/full_shot/tfb-Yalova_final_ready/horizon_144/factost_utp_finetune.sh
FactoST_UTP/full_shot/tfb-Yalova_final_ready/horizon_24/factost_utp_finetune.sh,true,/home/wpbench_51/wpbench_artifacts/scripts/run_experiments/final_selected_scripts/FactoST_UTP/full_shot/tfb-Yalova_final_ready/horizon_24/factost_utp_finetune.sh,/home/wpbench_51/wpbench_artifacts/scripts/run_experiments/icde_full_scripts/FactoST_UTP/full_shot/tfb-Yalova_final_ready/horizon_24/factost_utp_finetune.sh
FactoST_UTP/full_shot/tfb-Yalova_final_ready/horizon_72/factost_utp_finetune.sh,true,/home/wpbench_51/wpbench_artifacts/scripts/run_experiments/final_selected_scripts/FactoST_UTP/full_shot/tfb-Yalova_final_ready/horizon_72/factost_utp_finetune.sh,/home/wpbench_51/wpbench_artifacts/scripts/run_experiments/icde_full_scripts/FactoST_UTP/full_shot/tfb-Yalova_final_ready/horizon_72/factost_utp_finetune.sh
FactoST_UTP/full_shot/tfb-aemo/horizon_12/factost_utp_finetune.sh,true,/home/wpbench_51/wpbench_artifacts/scripts/run_experiments/final_selected_scripts/FactoST_UTP/full_shot/tfb-aemo/horizon_12/factost_utp_finetune.sh,/home/wpbench_51/wpbench_artifacts/scripts/run_experiments/icde_full_scripts/FactoST_UTP/full_shot/tfb-aemo/horizon_12/factost_utp_finetune.sh
OpenCity_STFM/few_shot_10pct/tfb-aemo/horizon_12/opencity_stfm.sh,true,/home/wpbench_51/wpbench_artifacts/scripts/run_experiments/final_selected_scripts/OpenCity_STFM/few_shot_10pct/tfb-aemo/horizon_12/opencity_stfm.sh,/home/wpbench_51/wpbench_artifacts/scripts/run_experiments/icde_full_scripts/OpenCity_STFM/few_shot_10pct/tfb-aemo/horizon_12/opencity_stfm.sh
OpenCity_STFM/few_shot_10pct/tfb-aemo/horizon_24/opencity_stfm.sh,true,/home/wpbench_51/wpbench_artifacts/scripts/run_experiments/final_selected_scripts/OpenCity_STFM/few_shot_10pct/tfb-aemo/horizon_24/opencity_stfm.sh,/home/wpbench_51/wpbench_artifacts/scripts/run_experiments/icde_full_scripts/OpenCity_STFM/few_shot_10pct/tfb-aemo/horizon_24/opencity_stfm.sh
OpenCity_STFM/few_shot_10pct/tfb-aemo/horizon_72/opencity_stfm.sh,true,/home/wpbench_51/wpbench_artifacts/scripts/run_experiments/final_selected_scripts/OpenCity_STFM/few_shot_10pct/tfb-aemo/horizon_72/opencity_stfm.sh,/home/wpbench_51/wpbench_artifacts/scripts/run_experiments/icde_full_scripts/OpenCity_STFM/few_shot_10pct/tfb-aemo/horizon_72/opencity_stfm.sh
SEMPO/few_shot_10pct/tfb-UEPS_panel_wide_filled__MTMV_reduced_3V_active_power_total/horizon_12/sempo.sh,true,/home/wpbench_51/wpbench_artifacts/scripts/run_experiments/final_selected_scripts/SEMPO/few_shot_10pct/tfb-UEPS_panel_wide_filled__MTMV_reduced_3V_active_power_total/horizon_12/sempo.sh,/home/wpbench_51/wpbench_artifacts/scripts/run_experiments/icde_full_scripts/SEMPO/few_shot_10pct/tfb-UEPS_panel_wide_filled__MTMV_reduced_3V_active_power_total/horizon_12/sempo.sh
SEMPO/full_shot/tfb-UEBB_panel_wide_filled__MTMV_reduced_3V_active_power_total/horizon_12/sempo.sh,true,/home/wpbench_51/wpbench_artifacts/scripts/run_experiments/final_selected_scripts/SEMPO/full_shot/tfb-UEBB_panel_wide_filled__MTMV_reduced_3V_active_power_total/horizon_12/sempo.sh,/home/wpbench_51/wpbench_artifacts/scripts/run_experiments/icde_full_scripts/SEMPO/full_shot/tfb-UEBB_panel_wide_filled__MTMV_reduced_3V_active_power_total/horizon_12/sempo.sh
TinyTimeMixer/full_shot/tfb-aemo/horizon_12/tinytimemixer.sh,true,/home/wpbench_51/wpbench_artifacts/scripts/run_experiments/final_selected_scripts/TinyTimeMixer/full_shot/tfb-aemo/horizon_12/tinytimemixer.sh,/home/wpbench_51/wpbench_artifacts/scripts/run_experiments/icde_full_scripts/TinyTimeMixer/full_shot/tfb-aemo/horizon_12/tinytimemixer.sh
TinyTimeMixer/full_shot/tfb-aemo/horizon_144/tinytimemixer.sh,true,/home/wpbench_51/wpbench_artifacts/scripts/run_experiments/final_selected_scripts/TinyTimeMixer/full_shot/tfb-aemo/horizon_144/tinytimemixer.sh,/home/wpbench_51/wpbench_artifacts/scripts/run_experiments/icde_full_scripts/TinyTimeMixer/full_shot/tfb-aemo/horizon_144/tinytimemixer.sh
TinyTimeMixer/full_shot/tfb-aemo/horizon_24/tinytimemixer.sh,true,/home/wpbench_51/wpbench_artifacts/scripts/run_experiments/final_selected_scripts/TinyTimeMixer/full_shot/tfb-aemo/horizon_24/tinytimemixer.sh,/home/wpbench_51/wpbench_artifacts/scripts/run_experiments/icde_full_scripts/TinyTimeMixer/full_shot/tfb-aemo/horizon_24/tinytimemixer.sh
TinyTimeMixer/full_shot/tfb-aemo/horizon_72/tinytimemixer.sh,true,/home/wpbench_51/wpbench_artifacts/scripts/run_experiments/final_selected_scripts/TinyTimeMixer/full_shot/tfb-aemo/horizon_72/tinytimemixer.sh,/home/wpbench_51/wpbench_artifacts/scripts/run_experiments/icde_full_scripts/TinyTimeMixer/full_shot/tfb-aemo/horizon_72/tinytimemixer.sh
Toto/few_shot_10pct/tfb-UEBB_panel_wide_filled__MTMV_reduced_3V_active_power_total/horizon_12/toto.sh,true,/home/wpbench_51/wpbench_artifacts/scripts/run_experiments/final_selected_scripts/Toto/few_shot_10pct/tfb-UEBB_panel_wide_filled__MTMV_reduced_3V_active_power_total/horizon_12/toto.sh,/home/wpbench_51/wpbench_artifacts/scripts/run_experiments/icde_full_scripts/Toto/few_shot_10pct/tfb-UEBB_panel_wide_filled__MTMV_reduced_3V_active_power_total/horizon_12/toto.sh
Toto/few_shot_10pct/tfb-UEBB_panel_wide_filled__MTMV_reduced_3V_active_power_total/horizon_144/toto.sh,true,/home/wpbench_51/wpbench_artifacts/scripts/run_experiments/final_selected_scripts/Toto/few_shot_10pct/tfb-UEBB_panel_wide_filled__MTMV_reduced_3V_active_power_total/horizon_144/toto.sh,/home/wpbench_51/wpbench_artifacts/scripts/run_experiments/icde_full_scripts/Toto/few_shot_10pct/tfb-UEBB_panel_wide_filled__MTMV_reduced_3V_active_power_total/horizon_144/toto.sh
Toto/few_shot_10pct/tfb-UEBB_panel_wide_filled__MTMV_reduced_3V_active_power_total/horizon_24/toto.sh,true,/home/wpbench_51/wpbench_artifacts/scripts/run_experiments/final_selected_scripts/Toto/few_shot_10pct/tfb-UEBB_panel_wide_filled__MTMV_reduced_3V_active_power_total/horizon_24/toto.sh,/home/wpbench_51/wpbench_artifacts/scripts/run_experiments/icde_full_scripts/Toto/few_shot_10pct/tfb-UEBB_panel_wide_filled__MTMV_reduced_3V_active_power_total/horizon_24/toto.sh
Toto/few_shot_10pct/tfb-UEBB_panel_wide_filled__MTMV_reduced_3V_active_power_total/horizon_72/toto.sh,true,/home/wpbench_51/wpbench_artifacts/scripts/run_experiments/final_selected_scripts/Toto/few_shot_10pct/tfb-UEBB_panel_wide_filled__MTMV_reduced_3V_active_power_total/horizon_72/toto.sh,/home/wpbench_51/wpbench_artifacts/scripts/run_experiments/icde_full_scripts/Toto/few_shot_10pct/tfb-UEBB_panel_wide_filled__MTMV_reduced_3V_active_power_total/horizon_72/toto.sh
Toto/full_shot/tfb-UEBB_panel_wide_filled__MTMV_reduced_3V_active_power_total/horizon_12/toto.sh,true,/home/wpbench_51/wpbench_artifacts/scripts/run_experiments/final_selected_scripts/Toto/full_shot/tfb-UEBB_panel_wide_filled__MTMV_reduced_3V_active_power_total/horizon_12/toto.sh,/home/wpbench_51/wpbench_artifacts/scripts/run_experiments/icde_full_scripts/Toto/full_shot/tfb-UEBB_panel_wide_filled__MTMV_reduced_3V_active_power_total/horizon_12/toto.sh
Toto/full_shot/tfb-UEBB_panel_wide_filled__MTMV_reduced_3V_active_power_total/horizon_144/toto.sh,true,/home/wpbench_51/wpbench_artifacts/scripts/run_experiments/final_selected_scripts/Toto/full_shot/tfb-UEBB_panel_wide_filled__MTMV_reduced_3V_active_power_total/horizon_144/toto.sh,/home/wpbench_51/wpbench_artifacts/scripts/run_experiments/icde_full_scripts/Toto/full_shot/tfb-UEBB_panel_wide_filled__MTMV_reduced_3V_active_power_total/horizon_144/toto.sh
Toto/full_shot/tfb-UEBB_panel_wide_filled__MTMV_reduced_3V_active_power_total/horizon_24/toto.sh,true,/home/wpbench_51/wpbench_artifacts/scripts/run_experiments/final_selected_scripts/Toto/full_shot/tfb-UEBB_panel_wide_filled__MTMV_reduced_3V_active_power_total/horizon_24/toto.sh,/home/wpbench_51/wpbench_artifacts/scripts/run_experiments/icde_full_scripts/Toto/full_shot/tfb-UEBB_panel_wide_filled__MTMV_reduced_3V_active_power_total/horizon_24/toto.sh
Toto/full_shot/tfb-UEBB_panel_wide_filled__MTMV_reduced_3V_active_power_total/horizon_72/toto.sh,true,/home/wpbench_51/wpbench_artifacts/scripts/run_experiments/final_selected_scripts/Toto/full_shot/tfb-UEBB_panel_wide_filled__MTMV_reduced_3V_active_power_total/horizon_72/toto.sh,/home/wpbench_51/wpbench_artifacts/scripts/run_experiments/icde_full_scripts/Toto/full_shot/tfb-UEBB_panel_wide_filled__MTMV_reduced_3V_active_power_total/horizon_72/toto.sh
xPatch/hpo/tfb-Yalova_final_ready/horizon_12/xpatch.sh,true,/home/wpbench_51/wpbench_artifacts/scripts/run_experiments/final_selected_scripts/xPatch/hpo/tfb-Yalova_final_ready/horizon_12/xpatch.sh,/home/wpbench_51/wpbench_artifacts/scripts/run_experiments/icde_full_scripts/xPatch/hpo/tfb-Yalova_final_ready/horizon_12/xpatch.sh
xPatch/hpo/tfb-Yalova_final_ready/horizon_144/xpatch.sh,true,/home/wpbench_51/wpbench_artifacts/scripts/run_experiments/final_selected_scripts/xPatch/hpo/tfb-Yalova_final_ready/horizon_144/xpatch.sh,/home/wpbench_51/wpbench_artifacts/scripts/run_experiments/icde_full_scripts/xPatch/hpo/tfb-Yalova_final_ready/horizon_144/xpatch.sh
xPatch/hpo/tfb-Yalova_final_ready/horizon_24/xpatch.sh,true,/home/wpbench_51/wpbench_artifacts/scripts/run_experiments/final_selected_scripts/xPatch/hpo/tfb-Yalova_final_ready/horizon_24/xpatch.sh,/home/wpbench_51/wpbench_artifacts/scripts/run_experiments/icde_full_scripts/xPatch/hpo/tfb-Yalova_final_ready/horizon_24/xpatch.sh
xPatch/hpo/tfb-Yalova_final_ready/horizon_72/xpatch.sh,true,/home/wpbench_51/wpbench_artifacts/scripts/run_experiments/final_selected_scripts/xPatch/hpo/tfb-Yalova_final_ready/horizon_72/xpatch.sh,/home/wpbench_51/wpbench_artifacts/scripts/run_experiments/icde_full_scripts/xPatch/hpo/tfb-Yalova_final_ready/horizon_72/xpatch.sh
