family,source_path,relative_checkpoint_path,bytes
stfm,/home/wpbench_51/ts_benchmark/baselines/stfm/checkpoints/OpenCity-plus.pth,stfm/OpenCity-plus.pth,104163305
stfm,/home/wpbench_51/ts_benchmark/baselines/stfm/checkpoints/factost_utp2_tiny_4sta.pt,stfm/factost_utp2_tiny_4sta.pt,17533684
stfm,/home/wpbench_51/ts_benchmark/baselines/stfm/checkpoints/factost_utp2_tiny_4utp.pt,stfm/factost_utp2_tiny_4utp.pt,17533590
tsfm,/home/wpbench_51/ts_benchmark/baselines/tsfm/checkpoints/Timer_forecast_1.0.ckpt,tsfm/Timer_forecast_1.0.ckpt,829413457
tsfm,/home/wpbench_51/ts_benchmark/baselines/tsfm/checkpoints/Toto-Open-Base-1.0/.cache/huggingface/.gitignore,tsfm/Toto-Open-Base-1.0/.cache/huggingface/.gitignore,1
tsfm,/home/wpbench_51/ts_benchmark/baselines/tsfm/checkpoints/Toto-Open-Base-1.0/.cache/huggingface/download/config.json.metadata,tsfm/Toto-Open-Base-1.0/.cache/huggingface/download/config.json.metadata,100
tsfm,/home/wpbench_51/ts_benchmark/baselines/tsfm/checkpoints/Toto-Open-Base-1.0/.cache/huggingface/download/model.safetensors.metadata,tsfm/Toto-Open-Base-1.0/.cache/huggingface/download/model.safetensors.metadata,125
tsfm,/home/wpbench_51/ts_benchmark/baselines/tsfm/checkpoints/Toto-Open-Base-1.0/config.json,tsfm/Toto-Open-Base-1.0/config.json,582
tsfm,/home/wpbench_51/ts_benchmark/baselines/tsfm/checkpoints/Toto-Open-Base-1.0/model.safetensors,tsfm/Toto-Open-Base-1.0/model.safetensors,605239264
tsfm,/home/wpbench_51/ts_benchmark/baselines/tsfm/checkpoints/long_term_forecast_SEMPO_CL_UTSD_ftM_sl512_ll48_pl96_pl64_dm256_nh2_el3_dl3_df128_fc1_ebtimeF_dtTrue_0/checkpoint.pth,tsfm/long_term_forecast_SEMPO_CL_UTSD_ftM_sl512_ll48_pl96_pl64_dm256_nh2_el3_dl3_df128_fc1_ebtimeF_dtTrue_0/checkpoint.pth,9676964
tsfm,/home/wpbench_51/ts_benchmark/baselines/tsfm/checkpoints/long_term_forecast_SEMPO_UTSD_ftM_sl512_ll48_pl96_pl64_dm256_nh2_el3_dl3_df128_fc1_ebtimeF_dtTrue_0/checkpoint.pth,tsfm/long_term_forecast_SEMPO_UTSD_ftM_sl512_ll48_pl96_pl64_dm256_nh2_el3_dl3_df128_fc1_ebtimeF_dtTrue_0/checkpoint.pth,25971326
tsfm,/home/wpbench_51/ts_benchmark/baselines/tsfm/checkpoints/moirai-1.1-R-base-local/config.json,tsfm/moirai-1.1-R-base-local/config.json,683
tsfm,/home/wpbench_51/ts_benchmark/baselines/tsfm/checkpoints/moirai-1.1-R-base-local/model.safetensors,tsfm/moirai-1.1-R-base-local/model.safetensors,365449072
tsfm,/home/wpbench_51/ts_benchmark/baselines/tsfm/checkpoints/timesfm-1.0-200m-pytorch-local/.gitattributes,tsfm/timesfm-1.0-200m-pytorch-local/.gitattributes,1519
tsfm,/home/wpbench_51/ts_benchmark/baselines/tsfm/checkpoints/timesfm-1.0-200m-pytorch-local/README.md,tsfm/timesfm-1.0-200m-pytorch-local/README.md,5575
tsfm,/home/wpbench_51/ts_benchmark/baselines/tsfm/checkpoints/timesfm-1.0-200m-pytorch-local/torch_model.ckpt,tsfm/timesfm-1.0-200m-pytorch-local/torch_model.ckpt,814370168
tsfm,/home/wpbench_51/ts_benchmark/baselines/tsfm/checkpoints/timesfm-2.0-500m-pytorch/.gitattributes,tsfm/timesfm-2.0-500m-pytorch/.gitattributes,1572
tsfm,/home/wpbench_51/ts_benchmark/baselines/tsfm/checkpoints/timesfm-2.0-500m-pytorch/README.md,tsfm/timesfm-2.0-500m-pytorch/README.md,7352
tsfm,/home/wpbench_51/ts_benchmark/baselines/tsfm/checkpoints/timesfm-2.0-500m-pytorch/config.json,tsfm/timesfm-2.0-500m-pytorch/config.json,692
tsfm,/home/wpbench_51/ts_benchmark/baselines/tsfm/checkpoints/timesfm-2.0-500m-pytorch/model.safetensors,tsfm/timesfm-2.0-500m-pytorch/model.safetensors,1995406976
tsfm,/home/wpbench_51/ts_benchmark/baselines/tsfm/checkpoints/timesfm-2.0-500m-pytorch/torch_model.ckpt,tsfm/timesfm-2.0-500m-pytorch/torch_model.ckpt,1995545448
tsfm,/home/wpbench_51/ts_benchmark/baselines/tsfm/checkpoints/timesfm-2.0-500m-pytorch-etth1-fullshot-pl96/torch_model.ckpt,tsfm/timesfm-2.0-500m-pytorch-etth1-fullshot-pl96/torch_model.ckpt,1995557473
tsfm,/home/wpbench_51/ts_benchmark/baselines/tsfm/checkpoints/timesfm-2.0-500m-pytorch-etth1-fullshot-pl96/train_metadata.json,tsfm/timesfm-2.0-500m-pytorch-etth1-fullshot-pl96/train_metadata.json,953
tsfm,/home/wpbench_51/ts_benchmark/baselines/tsfm/checkpoints/ttm.yaml,tsfm/ttm.yaml,6746
tsfm,/home/wpbench_51/ts_benchmark/baselines/tsfm/checkpoints/ttm_local/512-192-r2/.gitattributes,tsfm/ttm_local/512-192-r2/.gitattributes,1519
tsfm,/home/wpbench_51/ts_benchmark/baselines/tsfm/checkpoints/ttm_local/512-192-r2/README.md,tsfm/ttm_local/512-192-r2/README.md,31
tsfm,/home/wpbench_51/ts_benchmark/baselines/tsfm/checkpoints/ttm_local/512-192-r2/config.json,tsfm/ttm_local/512-192-r2/config.json,1651
tsfm,/home/wpbench_51/ts_benchmark/baselines/tsfm/checkpoints/ttm_local/512-192-r2/generation_config.json,tsfm/ttm_local/512-192-r2/generation_config.json,69
tsfm,/home/wpbench_51/ts_benchmark/baselines/tsfm/checkpoints/ttm_local/512-192-r2/model.safetensors,tsfm/ttm_local/512-192-r2/model.safetensors,3634200
tsfm,/home/wpbench_51/ts_benchmark/baselines/tsfm/checkpoints/ttm_local/512-192-r2/training_args.bin,tsfm/ttm_local/512-192-r2/training_args.bin,5112
tsfm,/home/wpbench_51/ts_benchmark/baselines/tsfm/checkpoints/ttm_local/512-48-ft-r2.1/.gitattributes,tsfm/ttm_local/512-48-ft-r2.1/.gitattributes,1519
tsfm,/home/wpbench_51/ts_benchmark/baselines/tsfm/checkpoints/ttm_local/512-48-ft-r2.1/README.md,tsfm/ttm_local/512-48-ft-r2.1/README.md,18233
tsfm,/home/wpbench_51/ts_benchmark/baselines/tsfm/checkpoints/ttm_local/512-48-ft-r2.1/benchmarks.webp,tsfm/ttm_local/512-48-ft-r2.1/benchmarks.webp,170404
tsfm,/home/wpbench_51/ts_benchmark/baselines/tsfm/checkpoints/ttm_local/512-48-ft-r2.1/config.json,tsfm/ttm_local/512-48-ft-r2.1/config.json,1650
tsfm,/home/wpbench_51/ts_benchmark/baselines/tsfm/checkpoints/ttm_local/512-48-ft-r2.1/generation_config.json,tsfm/ttm_local/512-48-ft-r2.1/generation_config.json,69
tsfm,/home/wpbench_51/ts_benchmark/baselines/tsfm/checkpoints/ttm_local/512-48-ft-r2.1/model.safetensors,tsfm/ttm_local/512-48-ft-r2.1/model.safetensors,3219040
tsfm,/home/wpbench_51/ts_benchmark/baselines/tsfm/checkpoints/ttm_local/512-48-ft-r2.1/training_args.bin,tsfm/ttm_local/512-48-ft-r2.1/training_args.bin,5048
tsfm,/home/wpbench_51/ts_benchmark/baselines/tsfm/checkpoints/ttm_local/512-48-ft-r2.1/ttm_image.webp,tsfm/ttm_local/512-48-ft-r2.1/ttm_image.webp,377412
tsfm,/home/wpbench_51/ts_benchmark/baselines/tsfm/checkpoints/ttm_local/512-96-ft-r2.1/.gitattributes,tsfm/ttm_local/512-96-ft-r2.1/.gitattributes,1519
tsfm,/home/wpbench_51/ts_benchmark/baselines/tsfm/checkpoints/ttm_local/512-96-ft-r2.1/README.md,tsfm/ttm_local/512-96-ft-r2.1/README.md,18233
tsfm,/home/wpbench_51/ts_benchmark/baselines/tsfm/checkpoints/ttm_local/512-96-ft-r2.1/benchmarks.webp,tsfm/ttm_local/512-96-ft-r2.1/benchmarks.webp,170404
tsfm,/home/wpbench_51/ts_benchmark/baselines/tsfm/checkpoints/ttm_local/512-96-ft-r2.1/config.json,tsfm/ttm_local/512-96-ft-r2.1/config.json,1650
tsfm,/home/wpbench_51/ts_benchmark/baselines/tsfm/checkpoints/ttm_local/512-96-ft-r2.1/generation_config.json,tsfm/ttm_local/512-96-ft-r2.1/generation_config.json,69
tsfm,/home/wpbench_51/ts_benchmark/baselines/tsfm/checkpoints/ttm_local/512-96-ft-r2.1/model.safetensors,tsfm/ttm_local/512-96-ft-r2.1/model.safetensors,3440416
tsfm,/home/wpbench_51/ts_benchmark/baselines/tsfm/checkpoints/ttm_local/512-96-ft-r2.1/training_args.bin,tsfm/ttm_local/512-96-ft-r2.1/training_args.bin,5048
tsfm,/home/wpbench_51/ts_benchmark/baselines/tsfm/checkpoints/ttm_local/512-96-ft-r2.1/ttm_image.webp,tsfm/ttm_local/512-96-ft-r2.1/ttm_image.webp,377412
tsfm,/home/wpbench_51/ts_benchmark/baselines/tsfm/checkpoints/ttm_local/main/.cache/huggingface/.gitignore,tsfm/ttm_local/main/.cache/huggingface/.gitignore,1
tsfm,/home/wpbench_51/ts_benchmark/baselines/tsfm/checkpoints/ttm_local/main/.cache/huggingface/download/.gitattributes.metadata,tsfm/ttm_local/main/.cache/huggingface/download/.gitattributes.metadata,101
tsfm,/home/wpbench_51/ts_benchmark/baselines/tsfm/checkpoints/ttm_local/main/.cache/huggingface/download/README.md.metadata,tsfm/ttm_local/main/.cache/huggingface/download/README.md.metadata,100
tsfm,/home/wpbench_51/ts_benchmark/baselines/tsfm/checkpoints/ttm_local/main/.cache/huggingface/download/benchmarks.webp.metadata,tsfm/ttm_local/main/.cache/huggingface/download/benchmarks.webp.metadata,101
tsfm,/home/wpbench_51/ts_benchmark/baselines/tsfm/checkpoints/ttm_local/main/.cache/huggingface/download/config.json.metadata,tsfm/ttm_local/main/.cache/huggingface/download/config.json.metadata,100
tsfm,/home/wpbench_51/ts_benchmark/baselines/tsfm/checkpoints/ttm_local/main/.cache/huggingface/download/generation_config.json.metadata,tsfm/ttm_local/main/.cache/huggingface/download/generation_config.json.metadata,101
tsfm,/home/wpbench_51/ts_benchmark/baselines/tsfm/checkpoints/ttm_local/main/.cache/huggingface/download/model.safetensors.metadata,tsfm/ttm_local/main/.cache/huggingface/download/model.safetensors.metadata,125
tsfm,/home/wpbench_51/ts_benchmark/baselines/tsfm/checkpoints/ttm_local/main/.cache/huggingface/download/training_args.bin.metadata,tsfm/ttm_local/main/.cache/huggingface/download/training_args.bin.metadata,125
tsfm,/home/wpbench_51/ts_benchmark/baselines/tsfm/checkpoints/ttm_local/main/.cache/huggingface/download/ttm_image.webp.metadata,tsfm/ttm_local/main/.cache/huggingface/download/ttm_image.webp.metadata,101
tsfm,/home/wpbench_51/ts_benchmark/baselines/tsfm/checkpoints/ttm_local/main/.gitattributes,tsfm/ttm_local/main/.gitattributes,1519
tsfm,/home/wpbench_51/ts_benchmark/baselines/tsfm/checkpoints/ttm_local/main/README.md,tsfm/ttm_local/main/README.md,18233
tsfm,/home/wpbench_51/ts_benchmark/baselines/tsfm/checkpoints/ttm_local/main/benchmarks.webp,tsfm/ttm_local/main/benchmarks.webp,170404
tsfm,/home/wpbench_51/ts_benchmark/baselines/tsfm/checkpoints/ttm_local/main/config.json,tsfm/ttm_local/main/config.json,1563
tsfm,/home/wpbench_51/ts_benchmark/baselines/tsfm/checkpoints/ttm_local/main/generation_config.json,tsfm/ttm_local/main/generation_config.json,69
tsfm,/home/wpbench_51/ts_benchmark/baselines/tsfm/checkpoints/ttm_local/main/model.safetensors,tsfm/ttm_local/main/model.safetensors,3240592
tsfm,/home/wpbench_51/ts_benchmark/baselines/tsfm/checkpoints/ttm_local/main/training_args.bin,tsfm/ttm_local/main/training_args.bin,4920
tsfm,/home/wpbench_51/ts_benchmark/baselines/tsfm/checkpoints/ttm_local/main/ttm_image.webp,tsfm/ttm_local/main/ttm_image.webp,377412
